part_file,size_bytes,sha256
all_I=converted_with_original.csv.gz.part.00000,25165824,65db31acc1c3a9fc4d366179db6a3797e78b0b7d5519d540a5aee994cae7bb0d
all_I=converted_with_original.csv.gz.part.00001,25165824,ee3d82e53d7cdb5d65b1c4c65e96c84f53b7cc173f999e7cd8ff5e362f2b0bcd
all_I=converted_with_original.csv.gz.part.00002,25165824,876c433e6053bf833cb56f0145ae232368501fa8cb89dc9d1f27e215ac9ae0e8
all_I=converted_with_original.csv.gz.part.00003,25165824,a58c58ac3a86230e22bcf600eb9eadb38bad56ca68b8d553cba277cd1d36d9cc
all_I=converted_with_original.csv.gz.part.00004,25165824,fb9736705765dd46662f63dc9eef942390870f82b899264f447e8bec4b083514
all_I=converted_with_original.csv.gz.part.00005,25165824,20034c813453260c0cae05c3cc2886af21ab8ab0d2f603c945bd72440da0e4fc
all_I=converted_with_original.csv.gz.part.00006,25165824,213becb919150bda6b1399c5e244150ea920a4714ec7fc7b9ac7124295ba7705
all_I=converted_with_original.csv.gz.part.00007,25165824,44444625c79921dd72f9df06d2fdb26f0416e5df5651a694043fa1b762c0154b
all_I=converted_with_original.csv.gz.part.00008,25165824,0597ff05dce9311f0e866b45f83df143843481c1bffd452be4cb474fb99a270f
all_I=converted_with_original.csv.gz.part.00009,25165824,b156179113082af5db59739ca1a58710f041cecfe31ed8779bac04a970297bbe
all_I=converted_with_original.csv.gz.part.00010,25165824,09ef311eba4914a638b399d5a2dcb597bd31935b66be31cad5efc6731c4e283c
all_I=converted_with_original.csv.gz.part.00011,25165824,2083c0700e0c3e278958222c1a5419a67a3220e7791e90d1ac616a79d6c857bf
all_I=converted_with_original.csv.gz.part.00012,25165824,467984ffd4e7f187ed6e6805189fe1d5847b6a98aa10e6cf1ef437f804e81a45
all_I=converted_with_original.csv.gz.part.00013,25165824,af2b12e4ccb99432ed2566b7307d7616584069388f1ba0cb840fa592c6be951a
all_I=converted_with_original.csv.gz.part.00014,25165824,53248185370380b1d02c034199e958d27a902cc63faea2bcabe3e59e1bd12a42
all_I=converted_with_original.csv.gz.part.00015,25165824,1080617ef9c021c55076cba4d9fe7c44b052a84a0732c6e2074b03dc0a032ca4
all_I=converted_with_original.csv.gz.part.00016,25165824,54c6a1e0baeea582d5b53417824ee5a46ad30d937896b00fb34ab129b33362ec
all_I=converted_with_original.csv.gz.part.00017,25165824,8dfb3e563fbb094e239dec153da8417b33788679c60952ba8548ff53343b0d00
all_I=converted_with_original.csv.gz.part.00018,25165824,a2e36a5a28d603004ab10995f4320b879d0e8786b16d31abf8af03f246e1d362
all_I=converted_with_original.csv.gz.part.00019,25165824,43298d57dc2a92e6c51e11e013362f64a3603065b3be63a3abc6974dff829283
all_I=converted_with_original.csv.gz.part.00020,25165824,9c929670bfa33da7482180306c81c51d68048549b3150eec79065846c5a19c70
all_I=converted_with_original.csv.gz.part.00021,25165824,b87627f7fdf9ef513f4c39cedab279c6a27c62db8575c532d6efb5064e7ded74
all_I=converted_with_original.csv.gz.part.00022,25165824,c316c69233a46a02c0ca2482902aacf8649f7f0856c4d0ce9be6e53257036561
all_I=converted_with_original.csv.gz.part.00023,25165824,73ffd66c1d727ffe7164b27226b115ee003f33f221a33184ff7754fcc47570e2
all_I=converted_with_original.csv.gz.part.00024,25165824,8b924c91f6c67a26393989c4c6ffeadee0ff469361a96b25d480745f298d33a6
all_I=converted_with_original.csv.gz.part.00025,25165824,d5af33fac201dd032321a5af2f528fbc8758296d9de87b67bff13b651702cec8
all_I=converted_with_original.csv.gz.part.00026,25165824,82511cca51b80c1eeff8b0367f87f9a0920b5a06b5f7765c9cdc5ea89e02b44d
all_I=converted_with_original.csv.gz.part.00027,25165824,747a62668236e82132005449df50147397bc0f530c0d1dff2b987e4ceb3a6ccd
all_I=converted_with_original.csv.gz.part.00028,25165824,74136c4ee36c534715c1c733d09a9d690303254defd7273795e9d36893f2414d
all_I=converted_with_original.csv.gz.part.00029,25165824,ca79f5eec9bd9fddd85fa001cd8b13cf0a2858f58153c659d6ece2742485e846
all_I=converted_with_original.csv.gz.part.00030,25165824,bb7f75361bd8101bf304fc5448db8b781adcb04106b663ba40cbbf7033da1aed
all_I=converted_with_original.csv.gz.part.00031,25165824,004d13765c9ef16a69854a2c856c7e3af753e49976eab7b7f4a40071db44c9f0
all_I=converted_with_original.csv.gz.part.00032,25165824,4d58393908c49970af0738fe2b66b2ad867560b388575e60bcc61e85e238723f
all_I=converted_with_original.csv.gz.part.00033,25165824,f7013dc8aa5ebb8b9045eb46042f096106ce72944361cc4af4e9d124655b078e
all_I=converted_with_original.csv.gz.part.00034,25165824,3fdac24cb388efb8b82855109d467bdcc9b0cea2374dbe3c06294a577a14c94e
all_I=converted_with_original.csv.gz.part.00035,25165824,85ef4d66d37f229e9bf4d41ca26263782178f1011894677a12224bebf16ed86b
all_I=converted_with_original.csv.gz.part.00036,25165824,949cd7367c81cdff32d81dcbf5057fbe16b67cb91c33c29c321a91325d9e940d
all_I=converted_with_original.csv.gz.part.00037,25165824,4ef7feb234d74224802aa56a6187d039ea685e98fbce0f653e27d02f85ccc9cb
all_I=converted_with_original.csv.gz.part.00038,25165824,ef32ffd4144c032f0316f4bfabf81ca4a8033e4e075539510e59e0b109b245ae
all_I=converted_with_original.csv.gz.part.00039,25165824,545748ecaaa654dba3b093994d2ae866ecfa25ad11a24ee57a3b082511e13a37
all_I=converted_with_original.csv.gz.part.00040,25165824,7b4bb48f3050e2fe15ed324b4741d919a00d1a7b2e4a463579ab758feeeb6ee5
all_I=converted_with_original.csv.gz.part.00041,25165824,005be41cdb0f493cb2365e37993e5676e1bb6c27d3d4bc729e43783bc7bbae81
all_I=converted_with_original.csv.gz.part.00042,25165824,d5aa11ec0f4f57693ef6569cb4099b8ed19748dec6f2fa9f7c6a5c89e846fa47
all_I=converted_with_original.csv.gz.part.00043,25165824,711e2753c2050d4b2b5f04bf9bf040b9b83b5f4414c95e7eccf351cc816a644e
all_I=converted_with_original.csv.gz.part.00044,25165824,79350ba18baea97ac4cbb2b6d94adc17d44c51b2aaae92be25bb7d4d9e616fb6
all_I=converted_with_original.csv.gz.part.00045,25165824,0d5fe481d06ea42ede280d771eeb7b6706b32e7adf8bd1ebcbb83aa2700f9a7e
all_I=converted_with_original.csv.gz.part.00046,25165824,2fc29b4e1f7bd010ce8b57c85be8b9d314dfe4f1a53376370522be92daccfd66
all_I=converted_with_original.csv.gz.part.00047,25165824,7bda235098063bbd5be81304324a0426e088c64d423281e8a5d5096cd7ba6063
all_I=converted_with_original.csv.gz.part.00048,25165824,aa27684c30e9bd8ebcf9c53c33a6afb143b222c9b4cab4e8f8bc71ba7af2dab1
all_I=converted_with_original.csv.gz.part.00049,25165824,17e42cb16e82305b77da333dc5185bd8abc934a359f255cf37f7b7bc9cc00beb
all_I=converted_with_original.csv.gz.part.00050,25165824,be7984513cdba3c5aca3a0de570d283b4ac3b0fda9f62b0141d9e164f71995b6
all_I=converted_with_original.csv.gz.part.00051,25165824,f6dee536d833c14d59cdc6145e5bf58d86d62726943f3950de8c6e5feaaf488b
all_I=converted_with_original.csv.gz.part.00052,25165824,d2d539829283bcb30c6422918ffdd030161fd7ba8fd0e5b55d428ca78c3d2040
all_I=converted_with_original.csv.gz.part.00053,25165824,94183e4b8a2499dace6e85951bc78e966f09f22c84b8bc070e12414b3f34bcd7
all_I=converted_with_original.csv.gz.part.00054,25165824,2890a7ce1df89c2b6b92d61b716187e40f9153f768d80e9243a925ff838c3c38
all_I=converted_with_original.csv.gz.part.00055,25165824,3c994d48294e999c25701bf7964ec1679b2cbc44eaf8f275cf68d3e455980a87
all_I=converted_with_original.csv.gz.part.00056,25165824,c1281feb96ce9c34076e60fd28b77775134a73be56a28db2bd1e1c35364ac508
all_I=converted_with_original.csv.gz.part.00057,25165824,b733752058f8b70c5f935ea5fa18c5dc7767192dbefc16223b1154f89863b8e9
all_I=converted_with_original.csv.gz.part.00058,25165824,6146ed9f6fa0841a622a014deeb7d581c9bec4fb5819b93d8549c35d10574d06
all_I=converted_with_original.csv.gz.part.00059,25165824,2cc56912b43083d5098252fbef394de2c8b23a6bb546ee15fe413a2dd385ac90
all_I=converted_with_original.csv.gz.part.00060,11712220,f396c6f29eeec3b5fdf61661326c9f97be0d4fc1dc8772cc1797465f230a1ae3
